OF,provider,ms,tflops
4096,raw_cuda,0.11905023574829102,0.563702067267543
4096,torch,0.17051647186279298,0.39356235363583825
8192,raw_cuda,0.22564287185668946,0.5948237003703999
8192,torch,0.33859134674072267,0.3964003489515567
16384,raw_cuda,0.43851776123046876,0.6121427219886773
16384,torch,0.6613196563720704,0.4059087816512343
32768,raw_cuda,0.8043929290771484,0.667423708728933
32768,torch,1.295851593017578,0.41429968901748876
