OF,provider,ms,tflops
4096,raw_cuda,0.12658495903015138,0.5301487989897384
4096,torch,0.1714112091064453,0.39150802534929796
8192,raw_cuda,0.23365631103515624,0.5744237226265436
8192,torch,0.3387321472167969,0.3962355775877905
16384,raw_cuda,0.44957695007324217,0.5970845612887142
16384,torch,0.661338882446289,0.4058969812980883
32768,raw_cuda,0.8820722961425781,0.6086472892843471
32768,torch,1.2962815856933594,0.4141622606733526
