M,N,K,Regular,PyTorch,Triton2,Triton_Custom
256.000000,256.000000,256.000000,0.000008,0.000026,0.000012,0.000017
384.000000,384.000000,384.000000,0.000010,0.000031,0.000016,0.000024
512.000000,512.000000,512.000000,0.000013,0.000037,0.000028,0.000031
640.000000,640.000000,640.000000,0.000018,0.000048,0.000044,0.000039
768.000000,768.000000,768.000000,0.000024,0.000061,0.000053,0.000048
896.000000,896.000000,896.000000,0.000046,0.000089,0.000101,0.000105
1024.000000,1024.000000,1024.000000,0.000041,0.000108,0.000136,0.000121
1152.000000,1152.000000,1152.000000,0.000062,0.000157,0.000174,0.000142
1280.000000,1280.000000,1280.000000,0.000083,0.000199,0.000260,0.000230
1408.000000,1408.000000,1408.000000,0.000116,0.000262,0.000315,0.000255
1536.000000,1536.000000,1536.000000,0.000128,0.000325,0.000351,0.000288
1664.000000,1664.000000,1664.000000,0.000188,0.000373,0.000502,0.000415
1792.000000,1792.000000,1792.000000,0.000242,0.000466,0.000671,0.000537
1920.000000,1920.000000,1920.000000,0.000271,0.000530,0.000733,0.000594
2048.000000,2048.000000,2048.000000,0.000331,0.000642,0.000934,0.000758
2176.000000,2176.000000,2176.000000,0.000433,0.000772,0.001161,0.000928
2304.000000,2304.000000,2304.000000,0.000479,0.000850,0.001246,0.001027
2432.000000,2432.000000,2432.000000,0.000528,0.001008,0.001507,0.001244
2560.000000,2560.000000,2560.000000,0.000741,0.001114,0.001796,0.001420
2688.000000,2688.000000,2688.000000,0.000827,0.001273,0.002095,0.001683
2816.000000,2816.000000,2816.000000,0.001016,0.001436,0.002431,0.001962
2944.000000,2944.000000,2944.000000,0.001172,0.001633,0.002786,0.002205
3072.000000,3072.000000,3072.000000,0.001470,0.001763,0.002979,0.002381
3200.000000,3200.000000,3200.000000,0.001693,0.001962,0.003540,0.002794
3328.000000,3328.000000,3328.000000,0.001926,0.002188,0.003902,0.003181
3456.000000,3456.000000,3456.000000,0.001603,0.002396,0.004322,0.003572
3584.000000,3584.000000,3584.000000,0.002204,0.002690,0.004757,0.003926
3712.000000,3712.000000,3712.000000,0.002091,0.002915,0.005232,0.004382
3840.000000,3840.000000,3840.000000,0.002171,0.003093,0.005748,0.004618
3968.000000,3968.000000,3968.000000,0.002506,0.003516,0.006515,0.005445
4096.000000,4096.000000,4096.000000,0.002651,0.003748,0.007083,0.005821
