OF,IF,B,provider,ms,tflops
512,1024,256,triton_w4a16,0.11673600226640701,2.2995087272853043
512,1024,256,torch_matmul_bias,0.023552000522613525,11.397564964481928
1024,1024,256,triton_w4a16,0.16486400365829468,3.256447132709123
1024,1024,256,torch_matmul_bias,0.050175998359918594,10.699755451779136
2048,1024,256,triton_w4a16,0.26367999613285065,4.072139865547531
2048,1024,256,torch_matmul_bias,0.062463998794555664,17.189770823535348
4096,1024,256,triton_w4a16,0.4607999920845032,4.6603378578317916
4096,1024,256,torch_matmul_bias,0.12595200538635254,17.05001553101662
