OF,IF,B,provider,ms,tflops
4096,8192,1,triton_w4a16,0.9144319891929626,0.07338857869487629
4096,8192,1,torch_matmul_bias,0.22732800245285034,0.29520720402194583
8192,8192,1,triton_w4a16,1.652735948562622,0.08120942012347987
8192,8192,1,torch_matmul_bias,0.4381439983844757,0.30633245803865283
16384,8192,1,triton_w4a16,3.229696035385132,0.08311477397840934
16384,8192,1,torch_matmul_bias,0.8673279881477356,0.30949705263549765
32768,8192,1,triton_w4a16,6.38259220123291,0.08411486980106514
32768,8192,1,torch_matmul_bias,1.6752640008926392,0.3204694374820544
